 0.0000132, 1.3120974, 1.8080372, 3.8437357, 5.9457955, 6.1340111, 6.2004264, 6.2287233, 6.3539511, 6.4166429, 6.4223973, 6.5559356, 6.5624152, 6.5973096, 6.6080772
 0.0000121, 1.3120974, 1.7473970, 4.3850087, 6.4453004, 6.6287027, 6.7078683, 6.8889258, 6.9639638, 6.9759292, 6.9953920, 7.0189167, 7.0786930, 7.1127616, 7.1194029
 0.0000121, 1.7473970, 1.8080372, 3.0186268, 5.9509329, 6.3891701, 6.4718544, 6.5192411, 6.5300612, 6.6050204, 6.6773418, 6.7016857, 6.7668016, 6.7747986, 6.7752422
 0.0000132, 2.1222624, 2.2457962, 4.0392931, 4.5172898, 4.6297414, 5.2529420, 5.5666691, 5.6894985, 6.6596479, 6.6605404, 7.1755485, 7.5139473, 7.8503819, 8.5028286
 0.0000132, 2.1222624, 2.8303895, 3.4105119, 4.0897675, 4.7810747, 5.2626891, 5.6432882, 5.8700758, 6.0549971, 6.4651369, 6.6551930, 6.9873528, 7.4481744, 7.8108316
 0.0000132, 2.1736833, 2.8303895, 4.1023406, 4.6297414, 4.8366202, 5.2198757, 5.8763420, 6.2053049, 6.5591077, 6.5683554, 6.8705522, 7.0729905, 7.0820116, 7.2027902
 0.0000132, 1.6653530, 1.9779535, 3.0336455, 3.7004735, 3.9015251, 4.3312358, 4.7473463, 4.8502883, 5.2641144, 5.4601550, 5.4713889, 5.6177931, 5.7645727, 5.9781769
 0.0000132, 1.6653530, 2.2188509, 2.3912966, 3.7265809, 4.7957996, 5.0444819, 5.3399988, 5.3664599, 5.4956988, 5.5383755, 5.5950413, 5.6074773, 5.6506899, 5.6741348
 0.0000143, 2.3912966, 3.3048591, 3.7004735, 4.0506785, 5.1125047, 5.1366439, 5.3622480, 5.5541156, 5.8527179, 5.8649388, 5.9051668, 5.9509329, 5.9519245, 5.9862425
 0.0000132, 3.0186268, 3.3048591, 3.8437357, 4.3850087, 5.3399988, 5.8181278, 5.8294084, 5.8815730, 5.9074363, 5.9456958, 5.9746292, 5.9994006, 6.0503219, 6.0660035
 0.0000108, 2.0854478, 2.2457962, 2.9758868, 3.4105119, 4.3797710, 5.2198757, 5.4126327, 5.5503154, 6.1573621, 6.6822300, 7.1999587, 7.5086144, 8.3686851, 8.6404982
 0.0000132, 2.1736833, 2.2841413, 3.3095013, 4.0897675, 5.5503154, 5.5666691, 5.6997541, 5.7105602, 6.0178821, 6.5107901, 6.7333201, 7.0994500, 7.4518648, 7.5398735
 0.0000162, 1.4772604, 1.6529050, 2.2204506, 3.0673435, 3.5462922, 3.9015251, 4.0146487, 4.7957996, 4.8361333, 5.4660213, 6.0163942, 6.3675736, 6.5693911, 6.7708334
 0.0000132, 1.6529050, 2.1163411, 2.1372396, 3.0336455, 3.3192005, 3.5227101, 3.7265809, 4.7989869, 4.9868923, 5.1366439, 5.4341222, 6.2271250, 6.4457269, 6.7429523
 0.0000143, 1.9779535, 2.1163411, 2.2188509, 3.5462922, 3.8357644, 4.0506785, 4.6855926, 4.7962679, 5.3009026, 5.5408828, 6.0259433, 6.1173345, 6.1657352, 6.1850698
 0.0000121, 2.1058974, 2.2408033, 3.3305995, 3.8641300, 4.8205071, 5.2186485, 5.4126327, 5.5317722, 5.6894985, 6.0549971, 6.5591077, 6.7126969, 6.7333201, 6.7886462
 0.0000132, 2.1058974, 2.3754360, 3.9243202, 3.9615655, 4.3797710, 5.1262948, 5.2529420, 5.8700758, 6.4144448, 6.5044981, 6.5107901, 6.5683554, 7.0250839, 7.1530071
 0.0000121, 1.8440718, 2.3754360, 2.9758868, 3.8641300, 4.5172898, 5.2626891, 5.3535505, 5.8165465, 6.0178821, 6.2053049, 6.4544244, 6.6909872, 7.6173561, 7.6404184
 0.0000132, 1.8440718, 2.0854478, 3.9243202, 4.0392931, 4.7810747, 5.2186485, 5.6423765, 5.7105602, 5.8763420, 6.5205133, 6.6843033, 7.4990656, 7.8717670, 8.4935261
 0.0000132, 2.0003251, 2.2841413, 4.1023406, 4.1733325, 5.6423765, 5.6432882, 5.8165465, 6.1573621, 6.4027420, 6.4144448, 6.6596479, 6.7886462, 7.1926010, 7.4893469
 0.0000143, 2.0003251, 2.8756905, 3.3095013, 4.8366202, 5.5735078, 6.4651369, 6.5866387, 6.6843033, 6.6909872, 6.9792329, 7.0250839, 7.0582164, 7.0911716, 7.1209617
 0.0000132, 2.6105553, 4.0146487, 4.2511997, 4.4641902, 4.9868923, 5.4713889, 5.7507383, 6.0259433, 6.1378655, 6.5481068, 6.6086835, 6.6641349, 6.6976558, 6.7705387
 0.0000143, 1.8976564, 2.2204506, 2.2766634, 2.6105553, 3.3192005, 4.3344651, 4.7202527, 4.7473463, 4.7962679, 5.6506899, 5.8032741, 6.0731290, 6.2345316, 6.4357355
 0.0000132, 1.4772604, 1.8976564, 1.9703044, 2.1372396, 3.8076098, 3.8357644, 4.2511997, 4.3312358, 4.7241606, 5.0444819, 5.7238886, 6.0838401, 6.1717914, 6.3971163
 0.0000132, 1.7569573, 1.8575787, 2.8053880, 3.3305995, 4.5003779, 5.1262948, 6.0361662, 6.2835580, 6.4101550, 6.4544244, 6.5244997, 6.7019536, 6.8721683, 6.9361010
 0.0000121, 1.7569573, 2.2408033, 3.1831265, 3.9615655, 4.0791053, 5.3535505, 5.4895991, 6.5205133, 6.6551930, 6.6605404, 6.6822300, 6.8060119, 6.8705522, 6.8984918
 0.0000132, 2.8756905, 3.1655015, 4.1733325, 5.1666150, 5.2461527, 5.3873194, 5.6997541, 6.4859084, 6.6039147, 6.6525405, 7.0820116, 7.4641607, 7.4848385, 7.6173561
 0.0000143, 1.9703044, 2.2696685, 2.2766634, 3.0673435, 3.2815529, 3.5227101, 4.4133428, 4.4641902, 4.6855926, 4.8502883, 5.0654222, 5.2929572, 5.3664599, 5.8537939
 0.0000132, 1.6067357, 2.1979994, 2.8053880, 4.0589777, 4.0791053, 5.3731270, 5.4419945, 5.5317722, 6.0162370, 6.1015335, 6.2084461, 6.5579653, 6.6284623, 6.7592313
 0.0000121, 1.6067357, 1.8575787, 3.1831265, 3.3179513, 4.8205071, 5.0638232, 6.0604045, 6.0670995, 6.1353481, 6.2975004, 6.3147523, 6.4886660, 6.5044981, 6.6330614
 0.0000121, 1.9954691, 2.5749777, 3.0154912, 3.7773674, 4.1636995, 5.1357197, 5.1666150, 5.6016427, 7.1209617, 7.4571523, 7.5244807, 8.7419842, 9.0262004, 9.2035969
 0.0000143, 2.5749777, 3.1655015, 3.6723025, 3.8246708, 4.2597529, 4.8378311, 5.0902945, 5.5735078, 5.5900446, 5.9869948, 6.4027420, 7.6647814, 7.7331098, 8.5126139
 0.0000132, 1.5117545, 2.1019509, 2.4948160, 3.1866917, 3.2815529, 4.1946049, 4.7202527, 4.7241606, 5.2641144, 5.4341222, 5.4660213, 5.4956988, 5.5408828, 5.7507383
 0.0000143, 2.1019509, 2.2696685, 2.9620947, 3.8076098, 4.1129928, 4.3344651, 4.4437378, 4.7989869, 4.8361333, 5.3009026, 5.3885170, 5.4601550, 5.5950413, 5.9051668
 0.0000108, 2.1503718, 2.1979994, 3.3179513, 3.8652681, 3.8798843, 4.5003779, 4.9360721, 5.4895991, 6.0253620, 6.0934147, 6.1445498, 6.4533942, 6.5226438, 6.5420409
 0.0000143, 2.4219613, 3.0154912, 3.5575144, 4.8083256, 5.0902945, 5.7245616, 6.6961930, 7.4641607, 8.9482402, 8.9550363, 9.3667761, 9.6868097, 9.9443944, 9.9628752
 0.0000132, 1.9954691, 2.2988704, 2.4219613, 3.1628613, 3.6723025, 4.5571372, 5.0762488, 6.4859084, 7.9141394, 8.4607793, 8.8102163, 9.8361566, 9.8750790, 9.9639847
 0.0000121, 1.5898751, 1.7602556, 2.4948160, 2.7116423, 4.1129928, 5.0654222, 5.6177931, 5.6741348, 5.9936047, 6.0731290, 6.1541685, 6.1717914, 6.1850698, 6.2909617
 0.0000121, 1.5117545, 1.7602556, 2.3422633, 2.9620947, 3.6917072, 4.4133428, 5.7238886, 5.7645727, 5.7830876, 5.8032741, 5.9841686, 6.0398507, 6.1173345, 6.2107076
 0.0000132, 1.5225969, 2.7601811, 2.8737082, 4.1873133, 4.1997371, 4.8774064, 4.9221735, 5.0654720, 5.3571818, 6.1950450, 6.4436158, 6.6330614, 6.7939903, 6.8334900
 0.0000132, 2.7157491, 2.7601811, 3.4228504, 3.6410159, 4.3667360, 4.4160602, 4.8332589, 5.1553066, 5.6377988, 6.0753760, 6.6288830, 6.7013267, 6.7656262, 6.8384295
 0.0000132, 1.8628189, 2.7157491, 3.4494757, 4.2694597, 4.8774064, 5.2034693, 5.2351503, 5.6254415, 5.6268008, 5.9524847, 6.2511023, 6.6063372, 6.7282904, 7.1481477
 0.0000143, 2.0250927, 2.1503718, 2.4087343, 3.5801826, 4.0589777, 4.3642056, 4.8510828, 5.0484242, 5.0638232, 5.1480958, 5.4458048, 6.0361662, 6.1340688, 6.3808778
 0.0000143, 2.2988704, 2.3506377, 3.4161231, 3.5575144, 3.7773674, 4.8378311, 4.9966492, 7.4848385, 8.1469999, 9.4294850, 9.8667785, 9.9806457,10.1074631,10.1403298
 0.0000121, 2.2985226, 2.3506377, 3.1236519, 3.1628613, 4.1636995, 4.2597529, 4.8083256, 6.3785032, 6.6525405, 8.5417727, 8.7675530, 9.1122558, 9.1151252, 9.1594864
 0.0000143, 3.1236519, 3.3824400, 3.8246708, 4.5729859, 4.9966492, 5.0762488, 5.1357197, 5.2461527, 5.9161974, 6.6961930, 7.0911716, 7.3372547, 7.5986647, 7.7075673
 0.0000143, 2.7813838, 3.3824400, 4.4544364, 5.3873194, 5.5900446, 5.8081148, 6.3785032, 6.5866387, 6.9640636, 6.9806072, 6.9938238, 7.0441231, 7.1910413, 7.2124603
 0.0000132, 2.2359120, 2.7813838, 3.9650601, 5.1775465, 5.9161974, 5.9203466, 6.1352095, 6.3825928, 6.4632881, 6.5156874, 6.5398096, 6.5487934, 6.5913506, 6.6039147
 0.0000121, 1.8969722, 2.7116423, 3.6917072, 4.1946049, 5.3885170, 5.6894896, 5.7197379, 5.8537939, 5.9057356, 5.9616939, 5.9998493, 6.0639003, 6.0812158, 6.0944646
 0.0000132, 1.5898751, 1.8969722, 2.3422633, 3.1866917, 4.4437378, 5.2929572, 5.7661510, 5.9308247, 5.9613148, 5.9925860, 6.0515855, 6.0804191, 6.0973599, 6.1177510
 0.0000132, 1.5225969, 1.8395384, 3.4228504, 3.8074266, 3.9749588, 4.6374454, 5.0585484, 5.2351503, 5.2393418, 6.1432312, 6.4682378, 6.4886660, 6.7019536, 6.7146866
 0.0000132, 1.8628189, 1.9088733, 3.0550930, 3.6410159, 4.5169569, 4.5191137, 5.0585484, 5.0654720, 5.3736948, 5.6332934, 6.0344673, 6.2898791, 6.5159956, 7.1517357
 0.0000143, 1.5670357, 2.0250927, 2.5269158, 2.9284966, 3.6914207, 3.8112725, 3.8798843, 3.9328225, 4.0229826, 5.2917104, 5.4419945, 6.2975004, 6.4703934, 6.7018055
 0.0000153, 1.5670357, 1.8805071, 2.4087343, 3.5010297, 3.6724236, 3.8103012, 3.8652681, 4.4602918, 4.8302268, 5.3731270, 6.0670995, 6.0916169, 6.7470732, 6.8731363
 0.0000153, 2.2985226, 3.4161231, 4.5571372, 4.5729859, 5.6016427, 5.7245616, 5.9869948, 7.5144996, 8.1131935, 9.3621526, 9.4716515, 9.5130535, 9.5568018, 9.6580488
 0.0000121, 2.1688238, 2.2359120, 3.7046297, 4.4544364, 4.8397721, 5.5913232, 6.0037661, 6.0176980, 6.1060785, 6.1629048, 6.1651112, 6.2448697, 6.2662111, 6.3090244
 0.0000132, 1.8395384, 2.4575583, 2.8737082, 3.0519483, 4.1433071, 4.4160602, 4.8749964, 5.3926799, 5.6332934, 5.9524847, 6.2789808, 6.3036008, 6.3147523, 6.5244997
 0.0000153, 1.9088733, 2.3649520, 3.4494757, 3.4744360, 4.2172973, 4.3667360, 4.5744722, 4.6374454, 4.8749964, 4.9221735, 5.2451880, 5.6948221, 5.9795474, 6.9219737
 0.0000121, 2.0116414, 2.2338749, 2.3649520, 3.0550930, 4.1991176, 4.2694597, 5.2306592, 5.6377988, 5.8810962, 6.0206971, 6.1432312, 6.1529661, 6.1950450, 6.3036008
 0.0000121, 2.2235102, 2.2338749, 2.9130902, 4.1815909, 4.2172973, 4.5191137, 5.2034693, 5.4690858, 6.0397013, 6.1682578, 6.4703934, 6.4919017, 6.5808966, 6.7013267
 0.0000132, 2.2043826, 2.2235102, 3.6918696, 4.1991176, 4.3061679, 4.3111709, 4.9753786, 5.2917104, 5.6169727, 5.7882547, 5.9795474, 6.0916169, 6.1340688, 6.1463972
 0.0000132, 1.7973306, 2.2043826, 2.8029078, 3.5654021, 3.9328225, 4.1815909, 4.3852924, 4.4110185, 4.8302268, 5.1480958, 5.7382480, 5.7859297, 5.8810962, 6.2222170
 0.0000132, 1.7973306, 1.8304368, 2.3090471, 2.9284966, 2.9606749, 3.1760189, 3.6724236, 3.6918696, 4.3642056, 5.4690858, 5.8162784, 6.0253620, 6.2307618, 6.2341713
 0.0000108, 1.8805071, 2.0061150, 2.4693095, 2.5269158, 2.9606749, 3.3620078, 3.5801826, 4.3852924, 4.9360721, 5.7882547, 6.2084461, 6.4416061, 6.4425994, 6.5447222
 0.0000108, 1.9561428, 2.1688238, 3.5960539, 3.9650601, 4.8145100, 5.6977722, 5.7182866, 5.8081148, 6.1461534, 6.2447978, 6.2494476, 6.2535427, 6.3031182, 6.3256932
 0.0000121, 1.4674458, 1.9975493, 2.4575583, 3.3513591, 3.8074266, 4.1997371, 4.6000662, 5.1553066, 5.2451880, 5.7785813, 5.8314065, 5.8439890, 5.8731593, 5.9746047
 0.0000143, 1.4674458, 1.7135933, 3.0519483, 3.4051438, 3.9749588, 4.1873133, 4.3946108, 4.5744722, 4.8332589, 5.2245871, 5.2306592, 5.3736948, 5.4674490, 5.6268008
 0.0000143, 2.0116414, 2.9130902, 3.4744360, 4.3061679, 4.5169569, 5.2245871, 5.6254415, 5.7859297, 5.8136133, 6.2424282, 6.5623857, 6.6095980, 6.6213515, 6.6288830
 0.0000121, 1.3440254, 1.8304368, 2.5579682, 2.8029078, 3.3620078, 4.0229826, 4.3111709, 4.4602918, 5.3790332, 5.4243520, 5.4458048, 5.5126028, 5.6253797, 5.7217733
 0.0000143, 1.3440254, 1.3669665, 2.3090471, 2.4693095, 3.5654021, 3.6914207, 3.8103012, 4.9753786, 5.0484242, 5.5363518, 5.5752475, 5.6525558, 5.7498692, 5.7996108
 0.0000132, 1.3669665, 2.0061150, 2.5579682, 3.1760189, 3.5010297, 3.8112725, 4.4110185, 4.8510828, 5.6169727, 5.7482513, 5.7889016, 5.8427298, 5.9315580, 5.9357544
 0.0000121, 1.9561428, 2.0961639, 3.6873034, 3.7046297, 5.1775465, 5.5714365, 6.0654507, 6.1582859, 6.1782117, 6.2185112, 6.4169456, 6.4399366, 6.4427932, 6.4806783
 0.0000143, 1.7135933, 1.8472685, 1.9975493, 3.2300771, 4.1433071, 4.6628096, 4.9734282, 5.0082223, 5.1806560, 5.2393418, 5.3349503, 5.3571818, 5.3949695, 5.5086025
 0.0000153, 2.0902880, 2.0961639, 3.5960539, 4.3629584, 4.8397721, 5.4714261, 5.9203466, 6.4262665, 6.4389822, 6.4445093, 6.5353041, 6.5725798, 6.5787997, 6.6015670
 0.0000143, 1.8472685, 2.0949923, 3.3513591, 3.4051438, 3.8898569, 4.4681087, 4.7697272, 4.9883266, 5.0576474, 5.1822288, 5.2263278, 5.2312886, 5.3030732, 5.3719732
 0.0000143, 1.9683497, 2.0949923, 3.2300771, 3.4128870, 3.6011111, 4.1893434, 4.2441739, 4.3513330, 4.3946108, 4.6000662, 4.7810045, 4.8452040, 4.9001737, 4.9714791
 0.0000132, 1.7133002, 1.9683497, 2.1735222, 3.1036587, 3.8120338, 3.8898569, 3.9257606, 4.0324057, 4.3135374, 4.3254822, 4.3513334, 4.3525386, 4.6628096, 4.6893483
 0.0000132, 1.3605879, 1.7133002, 2.4896381, 2.9000007, 3.3585255, 3.4128870, 3.6029151, 3.6275055, 3.8629910, 4.3352272, 4.6594314, 4.7730916, 4.9635468, 5.2312886
 0.0000132, 2.0902880, 2.4801409, 3.6873034, 3.7909887, 4.8145100, 4.8245818, 5.5913232, 6.0999267, 6.1352095, 6.2357588, 6.2857532, 6.3298716, 6.7140281, 6.7486423
 0.0000121, 1.3605879, 1.4480670, 2.1735222, 2.2250841, 2.7205686, 2.7759680, 3.3224382, 3.6011111, 3.6147054, 4.1746372, 4.2830366, 4.6731466, 4.7350611, 4.9933463
 0.0000143, 1.2111977, 1.7260942, 2.2025662, 2.8308836, 3.1489514, 3.8736149, 3.9121344, 4.4477293, 4.6945494, 4.7144883, 4.7594532, 4.8694240, 4.8809737, 4.9571965
 0.0000153, 1.0878881, 1.7260942, 1.9886929, 2.0497807, 2.9201030, 3.4444303, 3.5346721, 4.3886098, 4.7050820, 5.0045172, 5.0947522, 5.1267331, 5.1344324, 5.2317019
 0.0000121, 1.5661408, 2.0478526, 3.2350747, 3.7909887, 3.9329498, 4.6593671, 5.4714261, 5.8400067, 6.6886021, 7.0771953, 7.0895065, 7.1184457, 7.1787229, 7.2269271
 0.0000121, 2.0478526, 2.4801409, 2.9501013, 4.3336374, 4.3629584, 4.6747408, 5.0222514, 5.5714365, 5.7008243, 6.3508120, 6.7149014, 6.7306615, 6.9172977, 7.0219660
 0.0000121, 2.1085074, 2.2085732, 3.5451938, 3.6367159, 4.5255171, 4.5492961, 4.9503440, 5.4625910, 5.8803399, 6.3456758, 6.5932928, 7.1657444, 7.2008259, 7.2382450
 0.0000132, 1.8862398, 2.2085732, 3.0291084, 3.5188633, 3.8026971, 4.2392440, 4.3986468, 5.1812348, 5.4648041, 6.2370974, 6.3765271, 7.6546963, 7.8194296, 7.8369564
 0.0000132, 1.4091844, 1.8862398, 3.1125560, 3.6367159, 4.6098493, 4.7894467, 4.8663843, 4.9279715, 5.7015432, 6.2801345, 6.3256148, 7.4908677, 7.6496145, 7.6640139
 0.0000121, 1.4091844, 2.7769045, 3.0291084, 4.5492961, 4.7981342, 5.2859991, 5.3268095, 5.5088736, 6.0036308, 6.3597480, 6.4362318, 7.2606114, 7.2736570, 7.3150789
 0.0000121, 1.4480670, 1.5273179, 1.6908868, 1.8918775, 2.4896381, 3.1036587, 3.2756528, 3.2827582, 3.4953112, 4.1150093, 4.1908955, 4.3513330, 4.8563471, 4.8711911
 0.0000132, 1.1562432, 1.6908868, 1.9832802, 2.2250841, 2.4936305, 2.5015792, 2.9000007, 3.6926680, 3.8120338, 3.9959603, 4.1684042, 4.9632653, 5.0298607, 5.2122361
 0.0000132, 1.1815668, 1.9832802, 2.2351511, 2.3040177, 2.7524888, 3.2827582, 3.3224382, 3.6029151, 3.8437483, 4.2815403, 4.3525386, 4.3569024, 4.7594532, 5.1344324
 0.0000132, 2.1414242, 2.3040177, 2.3534654, 2.7908583, 2.8308836, 3.5346721, 3.5833787, 3.9762913, 3.9959603, 4.1439588, 4.4874492, 4.6594314, 4.6731466, 4.6884098
 0.0000121, 1.2111977, 2.0140255, 2.0497807, 2.1414242, 3.1307343, 3.7010944, 3.9712335, 3.9867028, 4.0375711, 4.2414023, 4.2815403, 4.3614668, 4.4222054, 4.4790153
 0.0000143, 1.0878881, 1.4623950, 2.0140255, 2.2025662, 2.5744711, 2.9736839, 3.5833787, 3.9325313, 4.4237654, 4.6677821, 4.8748635, 4.9987893, 5.1438308, 5.2067270
 0.0000143, 1.2751089, 1.4623950, 1.9886929, 2.2122385, 3.1307343, 3.1489514, 4.1532871, 4.4095794, 4.4874492, 4.6759690, 5.2487325, 5.3258505, 5.3856189, 5.6253797
 0.0000108, 1.2751089, 1.8800267, 2.5744711, 2.9201030, 3.9121344, 3.9867028, 4.2984991, 4.4678515, 4.9685201, 5.1522521, 5.3749138, 5.3790332, 5.5752475, 5.5900437
 0.0000143, 1.5661408, 1.9081158, 2.7309151, 2.9501013, 4.0062084, 4.8245818, 5.7316218, 6.4262665, 7.1817903, 7.2130921, 7.2467159, 7.2982052, 7.3069208, 7.3476729
 0.0000132, 1.9842878, 2.1085074, 3.4451282, 3.5188633, 4.2392096, 4.6098493, 5.0366971, 5.2606461, 5.3268095, 5.4399636, 5.7312569, 6.4712051, 6.5143760, 6.6502778
 0.0000121, 2.5290512, 2.7769045, 3.1125560, 3.8026971, 4.0217165, 4.3495289, 4.5930167, 4.6859042, 4.7728935, 4.9503440, 5.0366971, 5.9749052, 6.2736427, 6.4805481
 0.0000108, 1.5273179, 1.9675373, 1.9912054, 2.4936305, 2.7759680, 3.0507548, 3.6275055, 3.7402538, 3.8289170, 3.8437483, 3.9257606, 4.1005855, 4.5133258, 4.7672640
 0.0000132, 1.1562432, 1.8918775, 1.9912054, 2.2315008, 2.2351511, 2.7205686, 3.2374212, 3.3585255, 3.5448694, 4.0324057, 4.1439588, 4.3905357, 4.5341702, 5.1877449
 0.0000132, 1.1815668, 1.7983603, 2.2315008, 2.3534654, 2.5015792, 3.4953112, 3.5622891, 3.6147054, 3.7402538, 3.8629910, 4.2414023, 4.3513334, 4.8452969, 4.8809737
 0.0000153, 1.8800267, 2.2122385, 2.5468013, 2.9736839, 3.4444303, 3.7010944, 3.8736149, 4.0151951, 4.0159666, 4.6148463, 4.6950182, 4.8966212, 4.9264675, 5.3620039
 0.0000153, 2.0617223, 2.1057313, 3.4981284, 3.5793445, 4.3449291, 4.8685422, 4.8966212, 5.2150660, 5.3375946, 5.6222949, 5.9059625, 6.1582302, 6.1760274, 6.3339796
 0.0000162, 1.4503779, 1.9081158, 3.2350747, 3.5743821, 4.3336374, 5.9025926, 6.0999267, 7.3047804, 7.3873138, 7.4247562, 7.4433659, 7.5270995, 7.5435541, 7.5741275
 0.0000143, 1.9842878, 2.1105228, 2.5881468, 3.5451938, 3.8126372, 4.2392440, 4.4894097, 4.5015893, 4.7728935, 4.9279715, 5.5088736, 6.0025325, 6.0782806, 6.3863518
 0.0000143, 1.9292477, 2.1105228, 2.9985153, 3.4451282, 3.4655290, 3.7313267, 4.0217165, 4.3986468, 4.5255171, 4.7894467, 5.2859991, 6.1603973, 6.7262323, 6.7283719
 0.0000108, 2.1543211, 2.5290512, 2.8943726, 3.3702956, 3.4655290, 4.4894097, 4.7981342, 4.8663843, 5.1812348, 5.2866817, 5.4399636, 5.8523068, 5.8803399, 6.3168510
 0.0000121, 1.4577725, 1.9675373, 2.2579195, 3.1877117, 3.2756528, 3.5448694, 4.1684042, 4.2057106, 4.2830366, 4.6698825, 4.8452969, 4.8688611, 4.8785239, 4.9635468
 0.0000132, 1.7983603, 1.9447885, 2.7524888, 2.7908583, 3.2374212, 3.6926680, 3.7640137, 4.0375711, 4.1005855, 4.1150093, 4.1746372, 4.2283210, 4.2966502, 4.3254822
 0.0000132, 2.4693327, 2.5468013, 2.5956119, 3.4981284, 3.5574865, 4.0479616, 4.2929708, 4.2984991, 4.4095794, 4.4222054, 4.6677821, 4.7533977, 4.8694240, 5.0947522
 0.0000143, 1.7902506, 2.1057313, 2.4693327, 3.0436985, 3.4044388, 3.8882648, 4.4448856, 4.6148463, 4.7521668, 4.9035097, 5.6321577, 5.6687916, 5.7525378, 5.8196210
 0.0000143, 1.7902506, 1.9554556, 2.0617223, 3.6101268, 3.9284469, 4.0479616, 4.8250900, 4.8809023, 5.0129248, 5.1673777, 5.2274094, 5.8487438, 5.9106333, 6.1137948
 0.0000132, 1.9554556, 2.3444836, 3.4044388, 3.5793445, 4.1115447, 4.7613762, 4.9418622, 5.0805010, 5.4206650, 5.4259754, 5.5001723, 6.1420853, 6.1696358, 6.6876818
 0.0000143, 1.4503779, 2.7150699, 2.7309151, 3.9329498, 4.6747408, 5.3023762, 6.2357588, 6.9435744, 7.0509860, 7.0822181, 7.0843347, 7.1342629, 7.2270756, 7.3124686
 0.0000132, 1.6083835, 1.9292477, 2.5881468, 2.6849207, 3.3702956, 4.2392096, 4.5930167, 5.2772620, 5.4625910, 5.4648041, 5.7015432, 5.9253184, 5.9628338, 6.0036308
 0.0000108, 1.4863705, 1.6083835, 2.8943726, 2.9985153, 3.8126372, 4.6859042, 4.9191255, 5.2606461, 5.7361911, 5.8327952, 6.2370974, 6.2801345, 6.3456758, 6.4223045
 0.0000132, 1.4863705, 2.1543211, 2.6849207, 3.7313267, 4.3495289, 4.5015893, 4.6403129, 5.5258662, 5.6952968, 5.7312569, 6.2224360, 6.3256148, 6.3597480, 6.3765271
 0.0000143, 1.4288115, 1.8408414, 2.3922380, 3.1877117, 3.3597917, 4.5133258, 4.5936900, 4.6375738, 4.6681153, 5.1218263, 5.2117944, 5.3485784, 5.3719732, 5.3958225
 0.0000132, 1.3626800, 1.4288115, 2.2579195, 2.7218737, 3.8289170, 3.9877936, 4.7570375, 4.8711911, 4.9782207, 4.9868817, 5.1877449, 5.2340617, 5.2586505, 5.4076794
 0.0000143, 1.3626800, 1.4577725, 2.3922380, 3.0507548, 3.4400437, 4.1908955, 4.3905357, 4.4928391, 4.7081114, 4.8770185, 4.9933463, 5.0298607, 5.1921377, 5.1939483
 0.0000132, 1.9447885, 1.9517681, 3.0231765, 3.5622891, 3.6758245, 3.7971419, 3.9762913, 3.9951087, 4.2441739, 4.3135374, 4.3569024, 4.4790153, 4.5341702, 4.6181388
 0.0000121, 2.0369088, 2.3444836, 3.6101268, 3.6370047, 3.6911102, 4.7926922, 4.9035097, 5.2539695, 5.3375946, 5.4370859, 5.7499404, 6.1838670, 6.7874510, 6.8934470
 0.0000132, 2.2707280, 3.0880087, 4.4219221, 4.7458604, 4.9394931, 4.9639600, 5.3023762, 5.7008243, 5.7316218, 5.7940492, 5.8400067, 5.9025926, 5.9875629, 6.1936421
 0.0000121, 2.7150699, 3.0880087, 3.5743821, 4.0062084, 4.6593671, 4.8153709, 5.0222514, 6.2857532, 6.5691249, 6.6045299, 6.7676591, 6.8198228, 6.8222285, 6.9756068
 0.0000143, 1.7477709, 1.8408414, 2.7218737, 3.4400437, 3.4661355, 4.1415932, 4.2057106, 4.3739341, 4.4798658, 4.6181388, 4.9168892, 4.9714791, 5.0014405, 5.0576474
 0.0000121, 1.9517681, 2.3808606, 2.7360012, 2.8835408, 3.7640137, 4.0316994, 4.1415932, 4.1893434, 4.2364007, 4.2575690, 4.3032667, 4.4549073, 4.4681087, 4.6375738
 0.0000121, 2.0940145, 2.5084462, 2.8835408, 3.0231765, 4.2966502, 4.3614668, 4.3647794, 4.4237654, 4.5464827, 4.5628816, 4.6759690, 4.7050820, 4.7144883, 4.9264675
 0.0000132, 2.0940145, 3.1987179, 3.6758245, 3.9325313, 3.9712335, 4.0034471, 4.0159666, 4.1532871, 4.2283210, 4.2575690, 4.2929708, 4.3886098, 4.4477293, 4.4678515
 0.0000143, 2.5956119, 2.8134864, 3.1987179, 3.8882648, 4.0151951, 4.3126105, 4.4442884, 4.5628816, 4.6121035, 4.6884098, 4.7543122, 4.8685422, 5.0638533, 5.1255725
 0.0000153, 2.1817668, 2.8134864, 2.8929558, 3.0436985, 3.5574865, 3.5917831, 3.9284469, 4.0525310, 4.3449291, 4.6906599, 4.7613762, 5.4370859, 5.6943485, 5.6970438
 0.0000132, 1.8780575, 2.0369088, 2.4851567, 3.7351034, 4.1115447, 4.5454042, 5.0129248, 5.7831125, 5.8718736, 5.9061504, 5.9761195, 6.0583172, 6.4956674, 6.6206882
 0.0000132, 1.4295447, 2.9359324, 3.2144681, 3.9744431, 4.4219221, 5.3220390, 5.4359178, 5.5570404, 6.1537631, 6.1635215, 6.2387171, 6.4033579, 6.4694897, 6.4956674
 0.0000132, 2.2707280, 3.1365266, 3.2144681, 3.2520914, 3.4563841, 4.5894870, 4.8153709, 5.4314725, 5.7270929, 5.7764246, 5.8407017, 5.9439706, 6.1274869, 6.1300724
 0.0000143, 1.8336564, 1.9086390, 2.7910563, 3.3213111, 3.8076775, 4.0893394, 4.6403129, 4.7872434, 4.8959053, 4.9191255, 5.2772620, 5.2866817, 5.3778435, 5.4825265
 0.0000132, 1.2165117, 1.8336564, 2.8855502, 2.9352001, 4.0562299, 4.2502825, 4.3527911, 5.0793295, 5.2427379, 5.3217565, 5.4761858, 5.4958345, 5.5258662, 5.5288782
 0.0000143, 1.2165117, 1.9041802, 2.7910563, 3.5254082, 3.6851188, 4.3785732, 4.4239135, 5.0175895, 5.0648595, 5.0957435, 5.1018127, 5.3507298, 5.3663317, 5.4181458
 0.0000121, 1.9041802, 2.3822263, 2.8855502, 3.9310687, 4.0893394, 4.1744474, 4.3645855, 4.7418679, 4.7475989, 4.8256196, 4.8355561, 5.1505039, 5.2412970, 5.2826030
 0.0000121, 1.7477709, 2.1654553, 3.3548917, 3.3597917, 3.9717881, 3.9719770, 3.9877936, 4.1796531, 4.2364007, 4.4928391, 4.5904140, 4.7237169, 4.8238267, 4.9445224
 0.0000143, 2.1961111, 2.3808606, 2.4497156, 2.6398857, 3.2179192, 3.7237473, 3.7282447, 3.9719770, 3.9951087, 4.3647794, 4.3739341, 4.5576751, 4.7697272, 4.9001737
 0.0000143, 2.3138276, 2.5084462, 2.6398857, 2.7360012, 3.3198038, 3.7971419, 4.0034471, 4.1605391, 4.3319389, 5.0793303, 5.2263278, 5.2647021, 5.3521018, 5.3949695
 0.0000108, 1.9172889, 1.9741573, 2.1817668, 2.3998113, 4.3126105, 4.3234012, 4.4448856, 4.8809023, 5.2150660, 5.2158049, 5.4206650, 5.7159689, 5.7434226, 5.7440307
 0.0000132, 1.9741573, 2.0176476, 2.6176508, 2.8929558, 3.7688188, 4.3337279, 4.5454042, 4.7310359, 4.7521668, 4.7926922, 4.8250900, 5.0805010, 5.2712520, 5.3858241
 0.0000121, 1.9678677, 2.4851567, 2.6176508, 3.0970313, 3.6370047, 4.2545732, 4.3234012, 4.6906599, 4.8320387, 4.9418622, 5.2274094, 5.6687916, 5.9727284, 6.4913103
 0.0000121, 1.8780575, 1.9678677, 2.0807931, 3.6911102, 4.3337279, 4.3809235, 5.5001723, 5.6936189, 5.8391180, 6.1547636, 6.1623043, 6.1635215, 6.2754136, 6.3441314
 0.0000121, 1.4295447, 1.6397255, 2.8817699, 3.1365266, 4.7086091, 4.7458604, 5.0274349, 5.4624449, 5.6171520, 6.1534448, 6.1641621, 6.3362837, 6.3441314, 6.4071673
 0.0000132, 1.7679375, 1.9086390, 2.5638455, 2.9352001, 3.5254082, 3.6659512, 4.3645855, 4.5390739, 4.8415511, 5.2127252, 5.2450067, 5.2910113, 5.3906123, 5.4521182
 0.0000132, 1.7008524, 2.3173277, 2.3822263, 3.5992793, 3.6851188, 4.1492038, 4.1884964, 4.2377228, 4.3512414, 4.3527911, 4.3658429, 4.4582616, 4.4643241, 4.5153960
 0.0000132, 1.4386456, 2.1654553, 2.5646639, 2.9572456, 3.3202251, 3.4661355, 3.7208606, 4.1961883, 4.2986628, 4.3610204, 4.4854768, 4.5576751, 4.5775647, 4.5936900
 0.0000132, 1.1214725, 2.2101801, 2.4046631, 2.9572456, 3.2424390, 3.4169428, 4.2508591, 4.7237169, 4.7495373, 4.9116185, 4.9329102, 4.9856204, 5.0468003, 5.1650162
 0.0000143, 1.6099687, 1.9002088, 2.2101801, 3.8207458, 4.4267928, 5.0125037, 5.0356321, 5.0512866, 5.9059893, 5.9119946, 5.9167125, 6.0409258, 6.0557644, 6.0704113
 0.0000121, 1.4284954, 1.7147566, 2.1726709, 2.4497156, 3.5241025, 3.9620954, 4.2986628, 4.3319389, 4.4549073, 4.5904140, 4.7891127, 5.1634686, 5.1650162, 5.2255623
 0.0000121, 1.4284954, 2.1961111, 2.2790130, 2.4440336, 2.5153508, 3.3198038, 4.0316994, 4.2289241, 4.7930683, 4.8238267, 5.1657050, 5.1902790, 5.2739920, 5.3248099
 0.0000121, 2.3138276, 2.4440336, 3.0961426, 3.2179192, 3.5241025, 4.2093940, 4.3032667, 4.4485599, 4.5464827, 4.6013161, 5.2553594, 5.2916052, 5.3704651, 5.5550074
 0.0000143, 2.3577108, 3.0961426, 3.5714561, 3.9484156, 4.1605391, 4.6229644, 5.0471569, 5.1793807, 5.1902790, 5.3040920, 5.3733229, 5.6807560, 5.6936001, 6.1097944
 0.0000153, 2.3297422, 2.3998113, 3.7168799, 3.7688188, 4.0525310, 4.7673690, 5.0768095, 5.2142784, 5.3068453, 5.3351008, 5.4978080, 5.5749433, 5.5885058, 5.7525378
 0.0000132, 1.9172889, 2.0176476, 2.3297422, 3.5917831, 4.2545732, 5.2337466, 5.3153273, 5.3617541, 5.5617623, 5.6015888, 5.6321577, 5.6869578, 5.6936189, 5.8487438
 0.0000108, 2.0807931, 2.4625591, 3.0970313, 3.7351034, 4.7310359, 5.2539695, 5.4601463, 5.4624449, 5.5570404, 5.5778768, 5.6015888, 5.8465635, 5.9581703, 5.9951229
 0.0000121, 1.4960283, 1.6397255, 2.9359324, 3.2520914, 3.8771513, 4.9639600, 5.0805608, 5.1188472, 5.5838148, 5.6897102, 5.9581703, 6.1000645, 6.4354719, 6.4956898
 0.0000132, 1.4042438, 1.7679375, 2.4200821, 3.3213111, 3.8992576, 4.0562299, 4.3277472, 4.3785732, 4.4643241, 4.6635278, 4.8256196, 4.8492166, 4.8511543, 5.1775182
 0.0000132, 1.4042438, 1.5831285, 2.5638455, 2.9393718, 3.4394614, 3.8076775, 3.9349699, 4.2377228, 4.2502825, 4.2992783, 4.4239135, 4.5282009, 4.5546671, 4.7418679
 0.0000143, 1.6641823, 1.7008524, 3.3616527, 3.6292704, 3.6456823, 3.6782341, 3.9310687, 4.0246380, 4.2441602, 4.4448627, 4.5282009, 4.6028575, 4.8492166, 5.0175895
 0.0000132, 1.6641823, 1.8676729, 2.3173277, 2.4329599, 3.0266645, 3.5680940, 4.1744474, 4.6018915, 4.7637073, 5.0042976, 5.1674168, 5.3040843, 5.3663317, 5.5820242
 0.0000132, 1.5405510, 1.8676729, 2.8471564, 3.3616527, 3.5992793, 3.9549829, 4.8355561, 5.4108498, 5.4186801, 5.5573726, 5.5662007, 5.6208728, 5.6267401, 5.8183245
 0.0000143, 1.4386456, 1.4411106, 2.4046631, 2.6809318, 2.8930095, 3.3548917, 3.7119936, 4.1004869, 4.2381829, 4.3956096, 4.4267928, 4.4798658, 4.7891127, 5.0410313
 0.0000121, 1.1214725, 1.9002088, 2.7473612, 2.8930095, 3.4830030, 3.7208606, 4.6083943, 4.9205585, 5.0669906, 5.2143160, 5.3134822, 5.3361318, 5.4473212, 5.5297202
 0.0000132, 1.6099687, 2.4153062, 2.7473612, 3.4169428, 3.7411233, 5.4243060, 5.9606461, 6.1004753, 6.6187836, 6.7174347, 6.7466229, 6.8524818, 6.8765900, 6.8899414
 0.0000132, 1.3489634, 1.7147566, 2.5153508, 2.7865414, 3.7237473, 4.0773554, 4.4485599, 4.4555490, 4.6798824, 5.0410313, 5.0468003, 5.1063713, 5.2553141, 5.2690504
 0.0000121, 1.3489634, 2.1726709, 2.2555041, 2.2790130, 3.6543544, 3.7282447, 3.8963062, 4.2093940, 4.7230392, 4.9648569, 5.0793303, 5.1837431, 5.2183903, 5.3520370
 0.0000132, 2.0764638, 2.3273579, 2.3577108, 3.7588303, 3.8192141, 4.2583559, 4.3099650, 4.6013161, 4.6330563, 5.4123840, 5.8855844, 6.1942888, 6.4701934, 6.5689039
 0.0000108, 2.0764638, 2.1505116, 2.4977383, 2.6179575, 3.3309012, 3.5397886, 3.5714561, 4.3259117, 5.2314822, 5.2553594, 5.4978080, 6.0233701, 6.4459062, 6.5925870
 0.0000143, 2.1505116, 2.2649064, 3.3142119, 3.6238099, 3.6661964, 3.7168799, 3.7588303, 4.2800926, 4.6110838, 4.6229644, 5.6128961, 5.6130118, 5.6869578, 5.7440307
 0.0000132, 2.4625591, 3.2530607, 4.1283544, 4.3809235, 4.5558213, 4.6632084, 4.8320387, 4.8627466, 5.0193032, 5.0274349, 5.1188472, 5.1518251, 5.1532422, 5.2307170
 0.0000132, 1.4960283, 2.8817699, 2.9006203, 3.4563841, 3.9744431, 4.3228682, 4.7181654, 4.8980915, 4.9394931, 5.1518251, 5.6258049, 5.8241291, 5.8580027, 6.3674637
 0.0000143, 1.5831285, 1.8129537, 2.1985448, 2.4200821, 2.8521744, 3.5444190, 3.6659512, 3.9050868, 4.2441602, 4.3658429, 4.6264683, 4.6570920, 4.7872434, 4.9809131
 0.0000132, 1.1563726, 1.8129537, 2.5514103, 2.9393718, 3.6920049, 3.7408151, 3.8992576, 4.0246380, 4.3095828, 4.4248063, 4.5153960, 4.6018915, 4.8415511, 4.8773354
 0.0000121, 1.5405510, 1.5923571, 2.4329599, 3.1654377, 3.6292704, 4.1884964, 5.0863933, 5.4484769, 5.4760749, 5.4900905, 5.5271413, 5.5773027, 5.7401817, 5.8259844
 0.0000121, 1.2049476, 1.9081146, 2.3264344, 3.4094722, 3.7119936, 3.9088486, 4.1961883, 4.7495373, 4.9752383, 5.0669906, 5.4476224, 5.5362454, 5.5638653, 5.5956143
 0.0000121, 1.9081146, 1.9657059, 2.5772070, 2.6809318, 3.2465055, 3.3202251, 4.1796531, 4.2508591, 4.3686370, 4.6083943, 4.9453910, 5.0014405, 5.1447727, 5.4077524
 0.0000121, 1.4411106, 1.9657059, 2.5646639, 3.2424390, 3.4094722, 3.4830030, 3.8565005, 3.9717881, 4.1916109, 4.6913104, 4.9168892, 5.0512866, 5.0986568, 5.2592685
 0.0000132, 1.4967626, 2.4153062, 3.8207458, 4.9205585, 5.5746750, 6.9820340, 7.2371610, 7.3730723, 7.3846316, 7.4014934, 7.5946683, 7.6173499, 7.6341665, 7.7017968
 0.0000143, 1.6428637, 2.2555041, 2.4203919, 2.7865414, 2.9793964, 3.5484507, 3.7976712, 3.9620954, 4.2289241, 4.5973359, 4.8719783, 4.8955990, 4.9014480, 4.9666993
 0.0000132, 2.3273579, 2.6179575, 2.6564630, 2.8282506, 2.8671597, 3.1557883, 3.6661964, 3.9484156, 4.4612889, 5.3704651, 5.6513443, 5.9993236, 6.1775072, 6.3577199
 0.0000143, 1.5637146, 2.2649064, 2.3774370, 2.4977383, 2.8282506, 3.6377477, 3.8192141, 4.1462651, 5.0471569, 5.3068453, 5.6912056, 5.9302703, 6.1586937, 6.2449667
 0.0000132, 1.4274454, 2.1063012, 2.5047156, 3.4589451, 4.1283544, 4.3581194, 4.7822174, 5.1656177, 5.2445108, 5.3765873, 5.4910835, 5.9313562, 6.0198254, 6.0557577
 0.0000121, 2.1063012, 2.1842857, 2.4362269, 2.6436905, 2.7901798, 3.2530607, 3.7013499, 3.8544896, 4.6787166, 4.7598849, 5.0037098, 5.2769125, 5.4601463, 5.6258049
 0.0000121, 1.9464318, 2.0363935, 2.4650974, 2.6436905, 3.1890907, 3.8174085, 3.9553513, 4.3228682, 4.3581194, 4.5391414, 4.5558213, 5.0805608, 5.1700677, 5.3762628
 0.0000121, 1.9464318, 2.5129053, 2.9006203, 3.1006929, 3.7361334, 3.8544896, 3.8771513, 4.4606502, 4.5894870, 4.7086091, 4.8627466, 4.9629220, 5.0920917, 5.3539515
 0.0000121, 1.1563726, 1.5892450, 2.1985448, 2.9326955, 3.0604736, 3.4394614, 4.3277472, 4.3775107, 4.4315339, 4.4432755, 4.6028575, 4.9999087, 5.1402807, 5.1674168
 0.0000132, 1.5923571, 1.8559092, 2.8471564, 3.0266645, 3.6782341, 4.0666448, 4.3512414, 4.9266922, 5.1402807, 5.2592685, 5.2595147, 5.2667640, 5.5133556, 5.5855794
 0.0000121, 1.2049476, 1.5750544, 2.5772070, 3.4868892, 3.8565005, 4.1004869, 4.5775647, 4.9329102, 5.2143160, 5.3425181, 5.4096196, 5.4722113, 5.5635162, 5.6103485
 0.0000132, 1.4967626, 3.7411233, 5.0356321, 6.1142447, 6.7372023, 6.8258414, 7.2878121, 7.3534274, 7.5460940, 7.5959397, 7.5996643, 7.6280011, 7.6615659, 7.8080726
 0.0000132, 1.6133819, 1.6219440, 1.6428637, 2.4280648, 2.9569413, 3.4739165, 3.6543544, 4.0773554, 4.1379586, 4.3417860, 4.3493226, 4.3630391, 4.4435010, 4.4621074
 0.0000132, 1.6219440, 2.3434816, 2.4203919, 3.1830486, 3.2084719, 3.4699282, 3.6605327, 3.8963062, 4.0639153, 4.1058007, 4.2204611, 4.4121434, 4.4249177, 4.4494271
 0.0000143, 1.9001042, 2.1090991, 2.8671597, 3.2084719, 3.3695402, 3.6377477, 4.2800926, 4.2885185, 4.3259117, 4.6085996, 4.6330563, 4.8719783, 4.9579816, 5.1796334
 0.0000121, 1.6910365, 1.9001042, 2.3774370, 2.4661102, 2.6564630, 3.5397886, 3.6238099, 4.2583559, 4.4815499, 4.9626595, 5.1793807, 5.3288088, 5.3541749, 5.7197542
 0.0000132, 1.5637146, 1.6910365, 3.1557883, 3.3142119, 3.3309012, 3.3695402, 3.5876041, 4.3099650, 5.3040920, 5.4029071, 5.6523716, 5.8003098, 5.8945225, 6.0297762
 0.0000121, 1.3708380, 1.4274454, 2.1842857, 2.5375375, 3.9553513, 4.5285980, 4.5365506, 4.6632084, 5.0321574, 5.0920917, 5.3937837, 5.4094628, 5.9457889, 6.0441210
 0.0000121, 1.5892450, 1.5973104, 2.0657208, 2.5514103, 2.8521744, 3.4241937, 3.9349699, 4.4203383, 4.4632050, 4.6635278, 4.8110072, 4.8782775, 5.2836913, 5.5969901
 0.0000132, 1.8559092, 2.4043707, 3.1654377, 3.5680940, 3.6456823, 3.9549829, 4.1492038, 4.3095828, 4.4315339, 4.8110072, 4.9287515, 4.9654403, 4.9809131, 5.0667740
 0.0000132, 1.5750544, 2.0923202, 2.3264344, 3.2465055, 4.0995607, 4.1916109, 4.2381829, 4.4854768, 4.8947427, 4.9856204, 5.1186814, 5.1521652, 5.3009919, 5.3301216
 0.0000132, 1.1054425, 2.3360011, 2.5105787, 2.9569413, 3.2692836, 3.4808643, 3.7878510, 3.7976712, 4.0639153, 4.1374521, 4.8503107, 5.0324264, 5.2183903, 5.2553141
 0.0000143, 1.1054425, 1.4924133, 1.9009993, 2.4280648, 2.9327459, 2.9915218, 3.4699282, 3.5484507, 3.6791305, 4.0946178, 4.7316060, 4.8054027, 5.1547360, 5.1837431
 0.0000121, 1.4924133, 1.6133819, 2.2548831, 2.3360011, 2.3434816, 2.9793964, 3.1409718, 3.1683279, 3.7430614, 3.9967237, 4.1739691, 4.5178320, 4.6019349, 4.6102287
 0.0000132, 2.1090991, 2.4661102, 2.6400185, 3.1830486, 3.3065836, 3.5876041, 3.9880704, 4.1462651, 4.4435010, 4.4612889, 4.6110838, 4.7845075, 4.8955990, 5.2314822
 0.0000108, 1.3708380, 2.0631282, 2.5047156, 2.7901798, 3.8174085, 4.0554031, 4.2871432, 4.8563659, 4.8795491, 4.9629220, 5.1532422, 5.3575273, 5.6910280, 5.8282411
 0.0000132, 2.0631282, 2.3267138, 2.4362269, 2.4650974, 2.5375375, 3.4452565, 3.4589451, 3.7361334, 4.6864372, 4.7036897, 5.0193032, 5.1288106, 5.6591519, 5.7113129
 0.0000132, 1.6269604, 2.0363935, 2.3267138, 2.5129053, 3.4189916, 3.7013499, 4.0554031, 4.5365506, 4.6769116, 4.7181654, 5.1042031, 5.2445108, 5.4669275, 5.5104442
 0.0000121, 1.4861351, 1.5973104, 2.2555034, 2.9326955, 3.5444190, 3.5753582, 3.6920049, 4.2968111, 4.2992783, 4.3407829, 4.8511543, 5.1897003, 5.6043823, 5.7103936
 0.0000132, 1.4861351, 1.7562740, 2.0657208, 2.7939566, 3.0604736, 3.5752757, 3.7408151, 3.8238207, 3.9050868, 4.5546671, 4.9654403, 5.1775182, 5.7740544, 5.8325629
 0.0000132, 2.4043707, 2.6649200, 3.5411017, 3.8238207, 3.9669257, 4.0666448, 4.3407829, 4.4248063, 4.4432755, 4.4448627, 4.4582616, 4.4632050, 4.6570920, 4.7475989
 0.0000153, 2.0923202, 2.1334934, 3.4780162, 3.4868892, 3.9088486, 4.1115320, 4.3610204, 4.3686370, 4.3956096, 4.4373759, 4.4990000, 4.5571593, 4.6913104, 4.9116185
 0.0000132, 1.5153883, 1.8576329, 1.9009993, 2.2548831, 2.5105787, 3.3304959, 3.4739165, 3.9822227, 4.1058007, 4.1360972, 4.3187383, 4.5973359, 4.8034883, 4.8861942
 0.0000132, 1.5535754, 2.6400185, 2.8777594, 3.3491488, 3.6605327, 4.1739691, 4.2885185, 4.3493226, 4.5046650, 4.7445658, 4.7580661, 4.7803039, 4.8034883, 4.8164426
 0.0000108, 1.5535754, 2.1649479, 2.6295429, 3.3065836, 4.2204611, 4.4482581, 4.5922967, 4.6102287, 4.6728152, 4.8694351, 4.8773875, 4.8795491, 4.9169306, 4.9373974
 0.0000143, 2.1649479, 3.3491488, 3.9880704, 4.2106404, 4.2871432, 4.5285980, 4.6864372, 4.7329060, 4.7598849, 4.7673690, 4.7822174, 4.8523281, 4.8670528, 4.8758079
 0.0000121, 1.6269604, 2.1144501, 3.1006929, 3.1890907, 3.4452565, 3.5940922, 4.6787166, 4.7955501, 4.8523281, 4.8563659, 4.8980915, 5.2022581, 5.4094628, 5.4256432
 0.0000132, 1.6577383, 1.7562740, 2.2555034, 2.8285857, 3.4241937, 3.9669257, 4.3775107, 4.6264683, 4.8773354, 4.9990098, 5.3776206, 5.6262855, 5.7240204, 5.9434423
 0.0000132, 1.5989377, 1.6577383, 2.7939566, 3.5411017, 3.5753582, 4.4203383, 4.9999087, 5.0600096, 5.2413157, 5.2751203, 5.5593964, 5.5963195, 5.6614391, 5.7007361
 0.0000132, 1.5989377, 2.6649200, 2.8285857, 3.5752757, 4.2968111, 4.8782775, 4.9287515, 4.9979988, 5.0012096, 5.0957435, 5.1709079, 5.2293691, 5.2427379, 5.2450067
 0.0000132, 1.9488979, 2.1334934, 2.4909248, 3.7517740, 4.0186320, 4.0995607, 4.1504830, 4.6913229, 4.7381637, 4.8360003, 4.8519797, 4.8614397, 4.9004190, 4.9712374
 0.0000132, 1.1912608, 1.9488979, 2.6208784, 3.4780162, 4.2357299, 4.5324606, 4.5641000, 4.7037862, 4.8419008, 4.9256478, 5.0415377, 5.0954597, 5.1521652, 5.2152378
 0.0000121, 1.4519293, 1.4903014, 2.7301641, 2.9060460, 3.6651604, 3.9822227, 3.9967237, 4.0926640, 4.0946178, 4.1374521, 4.4157562, 4.4249177, 4.4621074, 4.5324606
 0.0000132, 1.4519293, 1.9368026, 2.0320670, 3.3301215, 3.3304959, 3.4471735, 3.5237897, 3.6791305, 3.7430614, 3.7878510, 4.3630391, 4.4121434, 4.6873570, 4.8164426
 0.0000108, 1.7771328, 1.8576329, 1.9368026, 2.9060460, 2.9327459, 3.1203688, 3.1380416, 3.1683279, 3.2692836, 4.1379586, 4.3539066, 4.4494271, 4.6387394, 4.7445658
 0.0000132, 1.5153883, 1.7771328, 2.9915218, 3.1409718, 3.2432855, 3.4471735, 3.4808643, 3.6471488, 4.0926640, 4.1312109, 4.3417860, 4.7673790, 4.7803039, 4.8327019
 0.0000132, 2.1255346, 2.6295429, 2.8777594, 3.4560677, 4.2106404, 4.2826975, 4.3258634, 4.3448837, 4.4264998, 4.4676951, 4.4965549, 4.5015655, 4.5895219, 4.6138603
 0.0000132, 1.8765397, 2.1144501, 3.3012433, 3.4189916, 4.2373938, 4.4606502, 4.4956659, 4.5391414, 4.7036897, 4.7329060, 4.8322366, 4.8692084, 5.0024587, 5.2174327
 0.0000121, 1.1912608, 2.0634682, 2.4909248, 3.8439182, 4.1115320, 4.3083997, 4.4157562, 4.4374432, 4.6863313, 4.7415726, 5.0994708, 5.1742828, 5.1975377, 5.3033771
 0.0000132, 1.9523320, 2.0634682, 2.6208784, 2.7301641, 3.5237897, 3.5401972, 3.9133620, 4.0186320, 4.3539066, 4.9271792, 4.9607460, 5.1125047, 5.1204108, 5.1408078
 0.0000132, 1.4903014, 1.9523320, 2.0320670, 3.1203688, 3.1270119, 3.8439182, 3.9884096, 4.1312109, 4.2357299, 4.3187383, 4.5178320, 4.7316060, 4.8503107, 4.9994702
 0.0000108, 1.8748066, 2.1988641, 3.2922641, 3.3101202, 3.4419471, 3.4560677, 3.8634319, 3.9756514, 3.9784051, 4.1423668, 4.2051167, 4.3341656, 4.3996929, 4.6509033
 0.0000143, 1.8748066, 2.1255346, 3.5009586, 3.9720018, 4.0319234, 4.1956168, 4.2488949, 4.2506356, 4.3464586, 4.3489655, 4.3847904, 4.5237157, 4.5263004, 4.5595506
 0.0000143, 1.5516453, 1.8765397, 2.6958677, 3.2527537, 3.5940922, 3.7500275, 4.0568204, 4.6769116, 4.7973741, 4.8670528, 5.0821649, 5.2685102, 5.3745330, 5.4532009
 0.0000132, 2.8174640, 3.3878892, 3.8626413, 4.3684104, 4.7636755, 5.1593512, 5.2012402, 5.2631177, 5.3022636, 5.5275402, 5.5638653, 5.6290051, 5.6406905, 5.6418352
 0.0000121, 2.4058685, 3.3878892, 3.9749600, 4.5571593, 4.6913229, 4.8947427, 5.0746718, 5.3480175, 5.4722113, 5.4933606, 5.4947155, 5.5006267, 5.5010101, 5.5025449
 0.0000108, 1.8228825, 2.4058685, 3.1762384, 4.1504830, 4.3818701, 4.4373759, 5.1975377, 5.2686909, 5.3009919, 5.4037676, 5.5456911, 5.5960517, 5.6303104, 5.6429953
 0.0000121, 1.8228825, 1.9374714, 3.3621265, 3.7517740, 3.9749600, 4.4990000, 4.6863313, 4.7575514, 4.8285923, 4.8419008, 5.1040184, 5.1308079, 5.1901341, 5.1986061
 0.0000132, 1.9009993, 2.9006204, 3.1270119, 3.1380416, 3.2432855, 3.3301215, 3.5401972, 3.6518480, 3.6651604, 4.1360972, 4.2826975, 4.4374432, 4.4482581, 4.5046650
 0.0000132, 2.6377459, 2.9006204, 3.2634341, 3.6015548, 3.6471488, 3.7106747, 3.8634319, 3.9720018, 4.3258634, 4.3407833, 4.5937897, 4.6387394, 4.6872590, 4.8539166
 0.0000108, 2.1718655, 2.6377459, 3.2922641, 3.3759447, 3.4601444, 3.4863454, 3.8608288, 3.8835546, 4.0427840, 4.1144254, 4.1663772, 4.3464586, 4.3689129, 4.7781897
 0.0000132, 2.0360744, 2.1718655, 2.5580848, 2.7521079, 2.8331601, 3.1794179, 3.4419471, 3.5927155, 3.6184239, 3.9536303, 4.4816177, 4.5937897, 4.8435016, 4.9307911
 0.0000132, 1.5390575, 2.1988641, 2.5580848, 2.8090222, 3.1624525, 3.1875380, 3.2814640, 3.3675966, 3.4601444, 3.5009586, 3.6346939, 4.0579803, 4.3864456, 4.4740696
 0.0000143, 1.4264282, 1.5516453, 2.2822795, 2.8879576, 3.3012433, 3.5164740, 4.6424770, 4.7955501, 5.2678083, 5.4382158, 5.5232157, 5.5537741, 5.5650508, 5.6061583
 0.0000143, 1.3940939, 2.1955641, 2.8174640, 2.9996160, 4.1358194, 4.5159045, 5.5006267, 5.5213492, 5.8173787, 5.8380719, 5.9025931, 5.9111675, 5.9208275, 6.0133684
 0.0000121, 1.6069542, 1.9374714, 3.1762384, 3.2212580, 4.7629093, 4.8775000, 4.9712374, 5.0274546, 5.0311023, 5.0403971, 5.0746718, 5.1568975, 5.1812348, 5.1992689
 0.0000121, 1.9009993, 2.1655485, 3.2634341, 3.6133918, 3.9133620, 3.9884096, 4.3083997, 4.3181140, 4.4676951, 4.5529768, 4.5641000, 4.6649761, 4.6873570, 4.7547878
 0.0000132, 1.4121965, 2.0360744, 2.5414552, 3.0686821, 3.0707820, 3.1875380, 3.6237265, 3.8608288, 4.5161475, 4.7205295, 4.9224703, 4.9686923, 5.7380744, 5.9749396
 0.0000132, 1.5390575, 1.7477138, 2.4227679, 2.6984825, 3.0707820, 3.1794179, 3.2581751, 3.3101202, 3.6186605, 3.7939155, 4.1144254, 4.1956168, 4.3050549, 4.6030214
 0.0000121, 1.1374972, 1.3523695, 2.2270604, 2.2822795, 3.2527537, 3.8266431, 4.4956659, 5.2845062, 5.4634424, 5.4801193, 5.4820256, 5.6022057, 5.6494074, 5.7119611
 0.0000153, 1.3523695, 1.4264282, 1.8547246, 2.6958677, 2.8496144, 4.2373938, 4.3058452, 5.0763867, 5.3136526, 5.3326826, 5.4223247, 5.4256432, 5.6198139, 5.7066013
 0.0000143, 1.6545700, 1.7014694, 2.1955641, 3.2179037, 3.6438034, 4.3684104, 5.5119323, 5.7564569, 5.9613585, 6.1509668, 6.1592442, 6.2601838, 6.2733480, 6.3709109
 0.0000143, 1.3940939, 1.6545700, 2.1914837, 3.5248978, 3.8626413, 4.1038638, 5.7453101, 5.7746160, 5.8881907, 5.9498067, 5.9828338, 6.0291868, 6.1160200, 6.1256591
 0.0000108, 1.6069542, 1.8257594, 3.3621265, 3.7266466, 4.3818701, 4.8315103, 4.8599178, 4.9202738, 5.0650569, 5.0929858, 5.1158380, 5.1303509, 5.1370410, 5.1412942
 0.0000121, 1.7105552, 2.1655485, 2.7592937, 2.7880452, 3.2208069, 3.6015548, 3.6518480, 4.2819981, 4.3182161, 4.3993295, 4.5015655, 4.6035108, 4.6139132, 4.6279362
 0.0000108, 1.3117548, 2.0669290, 2.4049534, 2.7592937, 2.9472868, 3.3759447, 3.7106747, 3.9536303, 3.9631686, 3.9756514, 4.0280635, 4.0518136, 4.0579803, 4.2488949
 0.0000121, 1.4518259, 1.8571749, 2.4049534, 2.5414552, 2.8068491, 2.8331601, 2.9143282, 3.2581751, 3.2814640, 3.4863454, 4.2051167, 4.2603649, 4.7019251, 4.9611403
 0.0000121, 1.4121965, 1.8571749, 2.1550655, 2.6984825, 2.7521079, 2.8780024, 3.1624525, 4.0280635, 4.1663772, 4.1784225, 4.4510682, 4.6997134, 4.8693324, 5.7459043
 0.0000153, 1.7477138, 2.1550655, 2.2218238, 2.8068491, 2.8090222, 3.0030797, 3.0686821, 3.2165191, 3.5927155, 4.0518136, 4.1423668, 4.3689129, 4.3878579, 4.7369915
 0.0000143, 1.8728576, 2.2218238, 2.4227679, 2.7071568, 3.3279421, 3.3675966, 3.9784051, 4.0319234, 4.1534685, 4.1784225, 4.2218467, 4.2603649, 4.3269282, 4.4475949
 0.0000132, 2.1441786, 2.7071568, 2.7612851, 2.8067593, 3.7408949, 3.7969853, 4.2506356, 4.3448837, 4.3628440, 4.7806274, 4.8324015, 5.0590915, 5.1328354, 5.1711515
 0.0000121, 1.8241154, 2.1441786, 3.2388109, 3.7680238, 3.8266431, 4.3058452, 4.3845867, 4.3871635, 4.5287967, 4.5895219, 4.6424770, 4.7973741, 4.8694351, 4.9038366
 0.0000121, 1.4999669, 1.8241154, 2.2270604, 2.8496144, 3.5164740, 3.7969853, 4.0568204, 4.8692084, 5.0038797, 5.0818511, 5.1123775, 5.1204108, 5.1665953, 5.1691585
 0.0000153, 1.1374972, 1.4999669, 1.8547246, 2.8879576, 3.2388109, 3.7500275, 4.8322366, 5.0349884, 5.1328354, 5.1408078, 5.1658788, 5.3077496, 5.3128061, 5.5811383
 0.0000143, 1.7014694, 1.7577556, 2.1914837, 2.3894144, 2.9996160, 4.4778789, 4.7636755, 5.8312773, 5.9232925, 5.9768887, 6.0241418, 6.0825568, 6.1836474, 6.2201856
 0.0000121, 1.8257594, 2.1953359, 3.2212580, 3.7468776, 4.0041231, 4.2880515, 4.2974760, 4.5662344, 4.6658116, 4.7439428, 4.7487382, 4.7575514, 4.7805747, 4.9180583
 0.0000143, 1.7105552, 1.7763443, 2.3262834, 2.9472868, 3.0976436, 3.5403958, 3.6133918, 4.0944714, 4.3612044, 4.5926141, 4.6872590, 4.7351460, 4.9065869, 4.9689538
 0.0000108, 1.3117548, 1.9668510, 2.3262834, 2.7880452, 2.9143282, 3.1724759, 4.0427840, 4.1108391, 4.1833007, 4.3407833, 4.3696112, 4.3864456, 4.3878579, 4.3996929
 0.0000121, 1.4518259, 1.9668510, 2.0669290, 2.8780024, 3.2165191, 3.6184239, 3.6186605, 3.6237265, 3.6346939, 3.8835546, 4.0944714, 4.1534685, 4.3341656, 4.3746194
 0.0000121, 1.8728576, 2.0726323, 2.8067593, 3.0030797, 3.3165039, 3.5573744, 3.7939155, 4.3746194, 4.3871635, 4.4119960, 4.4740696, 4.5237157, 4.5800980, 4.6509033
 0.0000132, 1.4142130, 2.3894144, 2.4175814, 3.6438034, 4.1038638, 4.5159045, 4.8898059, 5.2012402, 5.8808329, 5.8853365, 5.9495958, 5.9729134, 6.0003081, 6.0586792
 0.0000143, 1.4142130, 1.7577556, 3.2179037, 3.4068309, 3.5248978, 4.1358194, 5.1593512, 5.6093315, 5.6825521, 5.7528866, 5.7804847, 5.8696416, 5.9741518, 6.0675353
 0.0000108, 2.1279075, 2.1953359, 2.8246582, 2.9177877, 3.1457267, 3.4953093, 3.7266466, 3.8476225, 3.8510108, 3.9774466, 4.2550925, 4.2742833, 4.7280220, 4.7674929
 0.0000108, 1.5753089, 1.7763443, 2.4010418, 3.1724759, 3.2208069, 3.9631686, 4.2575346, 4.5238825, 4.6218732, 4.6304010, 4.6504951, 4.8543995, 4.9437539, 5.0404166
 0.0000132, 1.7371814, 2.0726323, 2.5302780, 2.7612851, 3.3279421, 3.6029023, 3.7680238, 4.5263004, 4.5918846, 4.6138603, 4.6424561, 4.7369915, 5.0800392, 5.0815551
 0.0000121, 2.4175814, 2.5971713, 3.4068309, 4.4778789, 4.7441116, 5.4495866, 5.5119323, 5.6406905, 5.7453101, 5.8123925, 5.8380719, 5.9071899, 5.9171620, 5.9230393
 0.0000132, 1.4060236, 1.4131520, 1.6234840, 2.2470432, 2.6066453, 2.8246582, 2.9299656, 2.9595109, 3.6332778, 3.8897042, 4.0041231, 4.2832925, 4.7287534, 4.8001353
 0.0000132, 1.4060236, 1.4444723, 1.5899059, 2.1279075, 2.3889117, 2.4721853, 2.7505641, 3.0626797, 3.7468776, 3.9046386, 3.9561097, 3.9728449, 4.2512935, 4.6049762
 0.0000108, 1.6025613, 2.1194807, 2.4010418, 2.7839357, 3.3922556, 3.5403958, 3.8512581, 4.1833007, 4.2216822, 4.5813983, 4.7094799, 4.7485474, 4.8938943, 4.9092269
 0.0000121, 1.5753089, 1.6025613, 3.0976436, 3.2238177, 4.0680834, 4.1108391, 4.3182161, 4.5544923, 4.6849336, 4.7598210, 4.7697260, 4.9114550, 4.9705117, 5.0367545
 0.0000143, 1.4771940, 1.8296993, 2.5302780, 2.8160793, 3.1308947, 3.5573744, 4.2819981, 4.3269282, 4.3489655, 4.3612044, 4.3628440, 4.3696112, 4.4920376, 4.4965549
 0.0000143, 1.4771940, 1.7371814, 2.5311065, 3.3165039, 3.6213525, 3.7408949, 3.7643589, 4.2218467, 4.3845867, 4.3847904, 4.4264998, 4.6139132, 4.7547878, 4.7826767
 0.0000132, 2.5971713, 2.7128035, 3.2603531, 4.2025713, 4.8898059, 5.2027601, 5.3069582, 5.4176482, 5.4686928, 5.4887342, 5.6559360, 5.6825521, 5.8231694, 5.8820918
 0.0000132, 1.8627919, 2.7128035, 2.8598602, 2.8844763, 3.9050091, 4.7441116, 4.8654790, 4.9004190, 5.1986061, 5.2094432, 5.2311365, 5.2320274, 5.2888275, 5.3033771
 0.0000121, 1.7627258, 2.6884009, 2.8844763, 3.5587069, 4.3799990, 4.7629093, 4.8285923, 5.0326522, 5.0650569, 5.2762280, 5.2966951, 5.3608210, 5.3817745, 5.4176482
 0.0000132, 1.9764358, 2.6884009, 2.9299656, 3.3847304, 3.8030639, 3.8276500, 3.9046386, 3.9648083, 3.9999758, 4.1789590, 4.4718558, 4.7511688, 4.7674929, 4.8581487
 0.0000121, 1.4131520, 1.6311651, 1.9764358, 2.3889117, 2.4612190, 2.5811061, 2.5973445, 3.5353085, 3.8510108, 4.0117828, 4.0290319, 4.3799990, 4.4482481, 4.6171976
 0.0000121, 1.5689166, 1.5786387, 1.5899059, 1.6234840, 1.6311651, 1.7155763, 3.2535672, 3.3167758, 3.3847304, 3.4953093, 3.7295441, 4.3263380, 4.3331288, 4.5450856
 0.0000132, 1.4444723, 1.5786387, 1.8811166, 1.9337792, 2.2470432, 2.5973445, 2.8318373, 2.9177877, 3.2814790, 3.4759452, 3.6630314, 3.9648083, 4.0916253, 4.1813759
 0.0000121, 1.4936537, 1.9337792, 2.5022587, 2.7505641, 2.9178766, 3.1457267, 3.3167758, 3.3977202, 3.5225843, 3.6332778, 4.0290319, 4.2216822, 4.2974760, 4.3615490
 0.0000132, 1.1959505, 1.4936537, 2.1104015, 2.3486589, 3.2814790, 3.3922556, 3.8476225, 3.9561097, 4.4780688, 4.5450856, 4.5662344, 4.6849336, 4.7287534, 4.8585594
 0.0000132, 1.1959505, 1.3260095, 1.6314094, 2.5022587, 2.7839357, 4.0680834, 4.0916253, 4.2742833, 4.2877846, 4.6393641, 4.6658116, 4.8563676, 4.9006025, 4.9437539
 0.0000108, 1.3260095, 2.1194807, 2.1326488, 2.3486589, 3.2238177, 3.5225843, 4.0303586, 4.2575346, 4.6064087, 4.7790259, 4.8445430, 4.8735400, 4.9180583, 4.9532309
 0.0000132, 1.5943966, 1.9315286, 2.8160793, 3.1645382, 3.6992437, 3.7643589, 3.9232889, 4.4273800, 4.4902451, 4.5544923, 4.5813983, 4.5918846, 4.6064087, 4.6304010
 0.0000108, 1.5943966, 1.6053979, 1.8296993, 2.5311065, 3.1783962, 3.6029023, 4.3316392, 4.4119960, 4.4990558, 4.5595506, 4.5926141, 4.6035108, 4.6504951, 4.6648367
 0.0000143, 1.8627919, 2.2692089, 2.6442000, 3.2603531, 3.3308118, 3.5587069, 3.9044856, 3.9767593, 4.4687470, 4.7321681, 4.8360003, 5.0415377, 5.0994708, 5.2265188
 0.0000121, 1.7627258, 2.6442000, 2.8598602, 3.8276500, 4.3035685, 4.4656234, 4.9034157, 4.9200497, 5.1967683, 5.2027601, 5.2414221, 5.2506484, 5.2878457, 5.4046094
 0.0000121, 1.5105960, 1.7155763, 2.5811061, 2.7194666, 2.8318373, 2.9595109, 3.0626797, 3.3931246, 3.7755521, 3.9564375, 3.9999758, 4.3655935, 4.6112690, 4.7057924
 0.0000132, 1.5105960, 1.5689166, 1.8811166, 1.9925854, 2.4612190, 2.4721853, 2.4900994, 2.6066453, 3.2343928, 3.2435621, 3.3977202, 3.8030639, 3.9036266, 3.9774466
 0.0000108, 1.6314094, 2.1104015, 2.1326488, 2.9178766, 3.8512581, 3.9758756, 4.1813759, 4.2550925, 4.3198374, 4.3247194, 4.5783713, 4.5869155, 4.6049762, 4.6744735
 0.0000143, 1.4366276, 1.8371985, 2.0277315, 2.2442804, 2.2745982, 2.7118623, 3.1234115, 3.6651321, 3.6992437, 3.7065354, 3.9758756, 4.0303586, 4.2877846, 4.4990558
 0.0000121, 1.6053979, 1.7884342, 1.9315286, 3.1084714, 3.1308947, 3.6213525, 3.7065354, 3.9988373, 4.1093427, 4.1766021, 4.3022794, 4.3953372, 4.4130600, 4.6424561
 0.0000121, 1.5606408, 2.2692089, 2.6651643, 3.0136192, 3.1924438, 3.6175403, 3.9050091, 4.2025713, 4.3035685, 4.5058067, 5.2834070, 5.3198507, 5.3876161, 5.4244548
 0.0000132, 1.2034942, 1.4665947, 1.7725961, 1.9925854, 2.7194666, 2.8631790, 3.0005501, 3.2535672, 3.4759452, 3.5353085, 3.7385700, 3.8897042, 3.9728449, 4.1767321
 0.0000121, 1.2034942, 1.4771949, 1.9142365, 2.4900994, 2.5046578, 3.1355061, 3.3931246, 3.6630314, 3.7295441, 3.7683029, 4.0117828, 4.1338482, 4.2512935, 4.2832925
 0.0000108, 0.9253109, 0.9916652, 1.4366276, 1.4471002, 1.8111600, 2.3250160, 3.0602614, 3.5844521, 4.1093427, 4.4273800, 4.5783713, 4.7790259, 4.9503039, 5.0084724
 0.0000121, 0.9916652, 1.1142707, 1.2717316, 1.8070133, 1.8371985, 2.6985365, 2.8035337, 3.9690925, 3.9988373, 4.4902451, 5.0681641, 5.1040183, 5.1491449, 5.3273364
 0.0000132, 1.2717316, 1.6857342, 1.8111600, 1.9105764, 2.1560622, 2.2745982, 2.6510006, 3.1084714, 3.7053204, 3.9232889, 4.3316392, 4.9615537, 5.1024104, 5.1888523
 0.0000108, 1.6857342, 1.7884342, 2.8035337, 3.0602614, 3.1212992, 3.1234115, 3.1244375, 3.1645382, 3.1783962, 3.2144367, 3.6515061, 4.4920376, 4.6830237, 4.8406084
 0.0000132, 1.3773522, 1.5606408, 2.2132090, 2.5797488, 2.5965728, 3.3308118, 4.2746349, 4.8654790, 4.9200497, 4.9742336, 5.3069582, 5.4222867, 5.4499623, 5.5542230
 0.0000143, 1.1965372, 2.2132090, 2.2683911, 3.0136192, 3.9044856, 4.3518964, 4.4656234, 5.2311365, 5.3755006, 5.5320441, 5.6667279, 5.7769122, 6.0705021, 6.1935703
 0.0000143, 1.3147610, 1.4665947, 1.8087283, 1.9142365, 2.7550315, 3.0445037, 3.2435621, 3.4934226, 3.7755521, 3.9622723, 4.0211926, 4.3263380, 4.4482481, 4.5469659
 0.0000121, 1.3147610, 1.4771949, 1.6351771, 1.7725961, 2.3336019, 3.0530318, 3.2343928, 3.7048622, 3.9564375, 4.1122990, 4.2330152, 4.2808528, 4.3331288, 4.4781474
 0.0000121, 1.5594228, 1.6351771, 2.5046578, 2.7550315, 2.7764372, 3.0005501, 3.2153226, 3.5844521, 3.6458328, 3.6515061, 3.6651321, 3.7053204, 3.9036266, 3.9690925
 0.0000132, 1.2699617, 1.5594228, 2.2373425, 2.3250160, 2.6510006, 2.6985365, 2.7118623, 3.0530318, 3.1212992, 3.7683029, 4.0211926, 4.1616454, 4.1766021, 4.1767321
 0.0000121, 1.0945773, 1.2699617, 1.4471002, 1.8070133, 2.1560622, 2.2442804, 2.7764372, 3.1244375, 4.2330152, 4.3022794, 4.5869155, 4.8755522, 4.8823275, 4.9643531
 0.0000132, 0.9253109, 1.0945773, 1.1142707, 1.9105764, 2.0277315, 2.2373425, 3.2144367, 3.6458328, 4.4130600, 4.8332893, 4.8913491, 5.0572432, 5.0911385, 5.2652253
 0.0000143, 1.3803262, 2.1545760, 2.2420520, 3.4199852, 4.1309674, 4.2746349, 4.5058067, 4.5257047, 4.5903477, 4.9209947, 4.9621170, 5.5101996, 5.6794456, 5.8075374
 0.0000132, 2.2420520, 2.5797488, 2.6626314, 3.0430733, 3.1924438, 3.8871314, 4.3454918, 4.3518964, 4.6744511, 4.7321681, 5.0118561, 5.1264696, 5.5183612, 5.7149448
 0.0000132, 1.3773522, 2.0578860, 2.2683911, 2.6626314, 2.6651643, 3.9767593, 4.5257047, 5.0951647, 5.1967683, 5.3924666, 5.4125410, 5.4153850, 5.4553368, 5.5012096
 0.0000132, 1.1965372, 2.0578860, 2.5965728, 3.6175403, 4.3454918, 4.4687470, 4.9034157, 5.4748418, 5.6509111, 5.7647446, 5.8428758, 6.0768160, 6.1220985, 6.1979190
 0.0000132, 1.4714606, 2.2767297, 2.6356019, 3.0445037, 3.7048622, 3.7385700, 4.0250343, 4.1338482, 4.4704371, 4.7212176, 4.8469787, 4.9289856, 5.1530853, 5.1924553
 0.0000121, 1.8087283, 2.2473761, 2.2767297, 2.3336019, 2.4976996, 2.8631790, 3.1355061, 3.2153226, 3.2478314, 3.9526960, 4.1616454, 4.2689089, 4.5278701, 4.7057924
 0.0000132, 1.5511598, 1.7461102, 2.1545760, 2.6747516, 3.5614871, 3.8871314, 4.2102261, 4.3222102, 4.4565559, 4.5619397, 4.6156576, 4.7511056, 4.7907829, 4.8273179
 0.0000132, 1.3803262, 1.5511598, 2.6416283, 3.0430733, 3.3759142, 4.2896962, 4.3999762, 4.5319863, 4.9742336, 5.0209352, 5.0346797, 5.0951647, 5.2311938, 5.2834070
 0.0000132, 1.4480326, 1.4714606, 2.2473761, 3.1100639, 3.4934226, 4.0115194, 4.1122990, 4.4287810, 4.6291769, 4.7678719, 4.7810983, 5.0119838, 5.4164549, 5.6245437
 0.0000132, 1.3557286, 1.7461102, 2.4934111, 2.6416283, 3.4199852, 3.4804023, 3.9295543, 4.0225988, 4.0612931, 4.1023045, 4.1329290, 4.3222335, 4.4209044, 4.5138659
 0.0000132, 1.4480326, 1.8536185, 2.4976996, 2.6356019, 2.8690238, 3.6462161, 3.9622723, 4.1860478, 4.4781474, 4.9504850, 5.0141801, 5.2434247, 5.3637478, 5.6028204
 0.0000132, 1.3557286, 1.5189147, 2.6747516, 2.8240050, 3.3759142, 3.4529280, 3.4916767, 3.5676195, 3.7696563, 4.0137903, 4.1309674, 4.3735919, 4.4778804, 4.5165825
 0.0000132, 1.2366081, 1.8536185, 2.2480655, 2.8996377, 3.1100639, 3.2478314, 4.0250343, 4.4742479, 4.5619630, 4.8033638, 4.9055794, 5.0601190, 5.2958195, 5.5152706
 0.0000132, 1.5189147, 1.6944316, 2.4423357, 2.4934111, 2.6407958, 2.7207911, 3.1218904, 3.3496867, 3.5614871, 4.0692135, 4.2896962, 4.2910840, 4.3912981, 4.5423789
 0.0000143, 1.1990824, 1.2366081, 1.9714206, 2.8690238, 3.7533311, 3.9526960, 4.0115194, 4.2177368, 4.6747409, 4.7212176, 5.0245893, 5.3291931, 5.6992189, 5.7061803
 0.0000153, 1.1147651, 1.5920745, 1.6944316, 2.1476970, 2.2958009, 2.4235306, 2.8240050, 3.2461981, 3.4804023, 3.7845880, 3.9918425, 4.3222102, 4.4314908, 4.9486973
 0.0000108, 1.1501729, 1.1990824, 2.2480655, 2.9898986, 3.6050107, 3.6462161, 4.3454576, 4.5278701, 4.6291769, 5.1530853, 5.4213560, 5.6275497, 5.7193621, 5.8365139
 0.0000132, 1.1501729, 1.9714206, 2.1469976, 2.6940690, 2.8996377, 3.5446459, 4.1860478, 4.7342477, 4.9760252, 5.0119838, 5.3634498, 5.5080118, 5.7084843, 5.9579016
 0.0000121, 1.0952616, 1.1147651, 1.7646521, 1.9852197, 2.1272976, 2.4423357, 2.8741427, 3.4529280, 3.6049405, 3.9465043, 4.0225988, 4.4571289, 4.8273179, 5.0597329
 0.0000153, 1.0952616, 1.1552932, 1.5280699, 1.5858739, 1.5920745, 2.6407958, 2.8555371, 3.5017127, 3.5676195, 3.7046049, 4.0612931, 4.1469505, 4.7226786, 4.7907829
 0.0000132, 1.1552932, 1.3514072, 1.9852197, 2.1476970, 2.2063781, 2.7207911, 3.3054201, 3.4916767, 3.6726563, 3.6788992, 3.9295543, 3.9593314, 4.4248611, 4.6156576
 0.0000121, 1.2027481, 2.1469976, 2.6812872, 2.9898986, 3.7533311, 4.1791389, 4.4742479, 5.3637478, 5.5567166, 5.5623182, 5.8358870, 5.8672475, 6.0214615, 6.1879878
 0.0000132, 1.2027481, 1.6942543, 2.6940690, 3.3706677, 3.6050107, 4.2177368, 4.8033638, 4.8905613, 5.6092693, 5.6319091, 5.6934603, 6.0141167, 6.0178901, 6.0207296
 0.0000132, 1.6942543, 2.1322056, 2.6812872, 3.5446459, 3.7990129, 4.3454576, 4.3929257, 4.6747409, 5.0601190, 5.5848546, 5.8088466, 5.9430884, 5.9480496, 5.9782352
 0.0000121, 1.4046358, 1.5103302, 1.5858739, 1.7646521, 2.2063781, 2.2958009, 2.4781035, 2.9497970, 3.3496867, 3.6780431, 4.0137903, 4.3222335, 4.5012111, 4.9882860
 0.0000121, 1.3514072, 1.4046358, 1.5280699, 2.1272976, 2.3620966, 2.4235306, 2.7971055, 2.8703493, 3.1218904, 3.3722702, 3.7696563, 4.0750589, 4.1023045, 4.5254843
 0.0000121, 1.7766258, 2.1322056, 2.6043610, 3.3706677, 4.1791389, 4.2506230, 4.9760252, 5.0940658, 5.2879690, 5.4944518, 5.6275497, 5.8383137, 6.0197588, 6.1051546
 0.0000143, 1.4389231, 1.5103302, 2.1975451, 2.3620966, 2.8555371, 2.8741427, 3.1370208, 3.2461981, 3.3054201, 4.0692135, 4.1655254, 4.4778804, 4.6360112, 4.7730169
 0.0000132, 1.7748524, 1.7766258, 3.1902974, 3.7990129, 4.1179247, 4.7022122, 4.8210781, 4.8905613, 5.5623182, 5.6644573, 6.2134515, 6.2257385, 6.5831217, 6.5976586
 0.0000121, 1.7748524, 1.9714208, 2.6043610, 3.1129736, 4.0049848, 4.2138473, 4.3929257, 5.2618433, 5.6934603, 5.9328491, 6.4158154, 6.6377547, 6.6626810, 6.7345230
 0.0000132, 1.3460691, 1.4389231, 2.0455309, 2.4781035, 2.7971055, 3.1227396, 3.5017127, 3.6049405, 3.6788992, 3.7845880, 3.8882892, 4.2910840, 4.5165825, 4.5583667
 0.0000143, 1.3460691, 1.4820586, 2.1975451, 2.8424639, 2.8703493, 2.9497970, 3.6726563, 3.7046049, 3.7940866, 3.9465043, 3.9918425, 4.3912981, 4.6775008, 4.7027866
 0.0000132, 1.5309153, 1.9714208, 2.9178757, 3.1902974, 3.4631488, 4.2506230, 4.6609317, 5.6095617, 5.9480496, 6.9354744, 6.9560107, 7.0795263, 7.1680254, 7.1894649
 0.0000121, 1.4820586, 1.4985007, 2.0455309, 2.7034793, 3.1370208, 3.3722702, 3.6780431, 3.9593314, 4.1469505, 4.4314908, 4.4571289, 4.5423789, 4.5714670, 4.5775868
 0.0000132, 1.5309153, 1.6782433, 2.5512942, 3.1129736, 3.7806341, 4.1179247, 4.8901224, 5.0940658, 6.3635302, 6.5860460, 6.9888334, 7.1403922, 7.2751156, 7.3059909
 0.0000121, 1.4985007, 1.5164092, 2.8424639, 3.1227396, 3.7653416, 4.0750589, 4.1655254, 4.4209044, 4.4248611, 4.5012111, 4.5619397, 4.6091650, 4.7226786, 4.7685738
 0.0000121, 1.5203933, 1.7916174, 2.5512942, 2.9503212, 3.4631488, 4.2138473, 4.5604827, 4.7022122, 5.2879690, 6.1180137, 6.2155607, 6.2418433, 6.3213371, 6.3285307
 0.0000132, 1.5203933, 1.6782433, 2.5124676, 2.9178757, 3.7330947, 4.0049848, 4.8210781, 5.3324300, 5.4944518, 6.5612879, 6.6355927, 6.7711002, 6.7886456, 6.8358030
 0.0000143, 1.5164092, 2.4609142, 2.7034793, 3.7940866, 3.8882892, 4.1329290, 4.2102261, 4.3735919, 4.5254843, 4.5319863, 4.7567741, 4.7730169, 4.7897392, 4.9621170
 0.0000121, 1.7687576, 1.7916174, 2.5124676, 3.6650392, 3.7806341, 4.6609317, 5.2618433, 5.3225471, 5.6644573, 5.7915101, 5.9543346, 6.0197588, 6.0412496, 6.1257159
 0.0000121, 2.4609142, 3.0974831, 3.7653416, 4.3999762, 4.4565559, 4.5138659, 4.5775868, 4.5903477, 4.6844622, 5.0118561, 5.2744190, 5.3294170, 5.3340411, 5.5476936
 0.0000121, 1.7687576, 2.1555056, 2.9503212, 3.7330947, 3.8345800, 4.8901224, 5.4681525, 5.5309132, 5.5472245, 5.5951938, 5.6095617, 5.7429002, 5.7434828, 5.7637572
 0.0000143, 3.0974831, 3.1877887, 4.1780855, 5.3924666, 5.4163547, 5.5183612, 5.6869667, 5.8173960, 5.9904424, 6.0329090, 6.1979190, 6.3034190, 6.3401968, 6.4224223
 0.0000093, 1.9385560, 2.1555056, 3.6650392, 4.0735116, 4.5604827, 5.3324300, 5.5343832, 5.5421381, 5.6003394, 5.6855171, 5.6961654, 5.8598806, 5.9344588, 6.0279506
 0.0000121, 1.5723224, 3.1877887, 3.4827015, 5.7683981, 6.1953851, 6.6913591, 6.9874464, 7.0039985, 7.0367531, 7.0754433, 7.0811281, 7.1667348, 7.2633120, 7.2773211
 0.0000121, 1.5723224, 2.4924294, 4.1780855, 4.7641379, 6.3681633, 6.7097462, 6.8719437, 6.9904078, 7.0287136, 7.1811008, 7.2708055, 7.3061961, 7.3088311, 7.3149978
 0.0000121, 1.5527716, 1.7007942, 2.5214474, 3.6878449, 3.9794486, 5.0410426, 6.2159561, 6.4438271, 7.2503036, 7.7619402, 8.2910260, 8.4491372, 8.8113962, 8.9083447
 0.0000143, 1.7007942, 2.0666386, 2.5495693, 3.4571364, 4.4681423, 4.9173165, 5.3934227, 6.0958510, 6.3127650, 7.3088311, 7.3139735, 7.8393249, 8.2496302, 8.3120331
 0.0000143, 2.5495693, 2.6236421, 3.8447763, 3.9794486, 4.0735116, 5.1092362, 5.5472245, 5.8038089, 6.0809296, 6.2961967, 6.7097462, 6.8123565, 6.9303597, 6.9337855
 0.0000121, 1.9385560, 2.6236421, 3.8345800, 4.9173165, 5.3225471, 5.8728193, 5.8964907, 5.9918529, 6.0822368, 6.1365137, 6.1549418, 6.2155607, 6.2159561, 6.2522888
 0.0000132, 2.4924294, 2.5054742, 3.4827015, 4.3394354, 5.4262696, 5.9870527, 6.2961967, 6.3127650, 6.4438271, 6.4590878, 7.0447434, 7.4518998, 7.4614476, 7.4972125
 0.0000132, 2.1009761, 2.5054742, 3.5027138, 4.5832964, 4.7641379, 5.0410426, 5.3934227, 5.7683981, 6.0809296, 7.3820064, 7.7542635, 7.7558823, 7.8294126, 7.8500340
 0.0000121, 1.6551441, 2.1009761, 3.2089722, 3.6878449, 4.3394354, 4.4681423, 5.8038089, 6.3681633, 7.3028838, 7.4541199, 8.3189959, 8.3464722, 8.3614405, 8.4614136
 0.0000121, 1.6551441, 1.8595161, 2.5214474, 3.4571364, 3.5027138, 5.1092362, 5.4262696, 6.9570107, 7.1811008, 7.9247959, 8.0323232, 8.5599994, 8.6485733, 8.6901263
 0.0000121, 1.5527716, 1.8595161, 2.0666386, 3.2089722, 3.8447763, 4.5832964, 5.8728193, 5.9870527, 6.9710685, 7.3613726, 8.0696845, 8.0831554, 8.3574879, 8.4591740
